"Label (Grouping)","Houston-The Woodlands-Sugar Land, TX Metro Area!!Occupied housing units!!Estimate","Houston-The Woodlands-Sugar Land, TX Metro Area!!Occupied housing units!!Margin of Error","Houston-The Woodlands-Sugar Land, TX Metro Area!!Percent occupied housing units!!Estimate","Houston-The Woodlands-Sugar Land, TX Metro Area!!Percent occupied housing units!!Margin of Error","Houston-The Woodlands-Sugar Land, TX Metro Area!!Owner-occupied housing units!!Estimate","Houston-The Woodlands-Sugar Land, TX Metro Area!!Owner-occupied housing units!!Margin of Error","Houston-The Woodlands-Sugar Land, TX Metro Area!!Percent owner-occupied housing units!!Estimate","Houston-The Woodlands-Sugar Land, TX Metro Area!!Percent owner-occupied housing units!!Margin of Error","Houston-The Woodlands-Sugar Land, TX Metro Area!!Renter-occupied housing units!!Estimate","Houston-The Woodlands-Sugar Land, TX Metro Area!!Renter-occupied housing units!!Margin of Error","Houston-The Woodlands-Sugar Land, TX Metro Area!!Percent renter-occupied housing units!!Estimate","Houston-The Woodlands-Sugar Land, TX Metro Area!!Percent renter-occupied housing units!!Margin of Error","Jacksonville, FL Metro Area!!Occupied housing units!!Estimate","Jacksonville, FL Metro Area!!Occupied housing units!!Margin of Error","Jacksonville, FL Metro Area!!Percent occupied housing units!!Estimate","Jacksonville, FL Metro Area!!Percent occupied housing units!!Margin of Error","Jacksonville, FL Metro Area!!Owner-occupied housing units!!Estimate","Jacksonville, FL Metro Area!!Owner-occupied housing units!!Margin of Error","Jacksonville, FL Metro Area!!Percent owner-occupied housing units!!Estimate","Jacksonville, FL Metro Area!!Percent owner-occupied housing units!!Margin of Error","Jacksonville, FL Metro Area!!Renter-occupied housing units!!Estimate","Jacksonville, FL Metro Area!!Renter-occupied housing units!!Margin of Error","Jacksonville, FL Metro Area!!Percent renter-occupied housing units!!Estimate","Jacksonville, FL Metro Area!!Percent renter-occupied housing units!!Margin of Error","Kansas City, MO-KS Metro Area!!Occupied housing units!!Estimate","Kansas City, MO-KS Metro Area!!Occupied housing units!!Margin of Error","Kansas City, MO-KS Metro Area!!Percent occupied housing units!!Estimate","Kansas City, MO-KS Metro Area!!Percent occupied housing units!!Margin of Error","Kansas City, MO-KS Metro Area!!Owner-occupied housing units!!Estimate","Kansas City, MO-KS Metro Area!!Owner-occupied housing units!!Margin of Error","Kansas City, MO-KS Metro Area!!Percent owner-occupied housing units!!Estimate","Kansas City, MO-KS Metro Area!!Percent owner-occupied housing units!!Margin of Error","Kansas City, MO-KS Metro Area!!Renter-occupied housing units!!Estimate","Kansas City, MO-KS Metro Area!!Renter-occupied housing units!!Margin of Error","Kansas City, MO-KS Metro Area!!Percent renter-occupied housing units!!Estimate","Kansas City, MO-KS Metro Area!!Percent renter-occupied housing units!!Margin of Error","Las Vegas-Henderson-Paradise, NV Metro Area!!Occupied housing units!!Estimate","Las Vegas-Henderson-Paradise, NV Metro Area!!Occupied housing units!!Margin of Error","Las Vegas-Henderson-Paradise, NV Metro Area!!Percent occupied housing units!!Estimate","Las Vegas-Henderson-Paradise, NV Metro Area!!Percent occupied housing units!!Margin of Error","Las Vegas-Henderson-Paradise, NV Metro Area!!Owner-occupied housing units!!Estimate","Las Vegas-Henderson-Paradise, NV Metro Area!!Owner-occupied housing units!!Margin of Error","Las Vegas-Henderson-Paradise, NV Metro Area!!Percent owner-occupied housing units!!Estimate","Las Vegas-Henderson-Paradise, NV Metro Area!!Percent owner-occupied housing units!!Margin of Error","Las Vegas-Henderson-Paradise, NV Metro Area!!Renter-occupied housing units!!Estimate","Las Vegas-Henderson-Paradise, NV Metro Area!!Renter-occupied housing units!!Margin of Error","Las Vegas-Henderson-Paradise, NV Metro Area!!Percent renter-occupied housing units!!Estimate","Las Vegas-Henderson-Paradise, NV Metro Area!!Percent renter-occupied housing units!!Margin of Error","Memphis, TN-MS-AR Metro Area!!Occupied housing units!!Estimate","Memphis, TN-MS-AR Metro Area!!Occupied housing units!!Margin of Error","Memphis, TN-MS-AR Metro Area!!Percent occupied housing units!!Estimate","Memphis, TN-MS-AR Metro Area!!Percent occupied housing units!!Margin of Error","Memphis, TN-MS-AR Metro Area!!Owner-occupied housing units!!Estimate","Memphis, TN-MS-AR Metro Area!!Owner-occupied housing units!!Margin of Error","Memphis, TN-MS-AR Metro Area!!Percent owner-occupied housing units!!Estimate","Memphis, TN-MS-AR Metro Area!!Percent owner-occupied housing units!!Margin of Error","Memphis, TN-MS-AR Metro Area!!Renter-occupied housing units!!Estimate","Memphis, TN-MS-AR Metro Area!!Renter-occupied housing units!!Margin of Error","Memphis, TN-MS-AR Metro Area!!Percent renter-occupied housing units!!Estimate","Memphis, TN-MS-AR Metro Area!!Percent renter-occupied housing units!!Margin of Error","Miami-Fort Lauderdale-West Palm Beach, FL Metro Area!!Occupied housing units!!Estimate","Miami-Fort Lauderdale-West Palm Beach, FL Metro Area!!Occupied housing units!!Margin of Error","Miami-Fort Lauderdale-West Palm Beach, FL Metro Area!!Percent occupied housing units!!Estimate","Miami-Fort Lauderdale-West Palm Beach, FL Metro Area!!Percent occupied housing units!!Margin of Error","Miami-Fort Lauderdale-West Palm Beach, FL Metro Area!!Owner-occupied housing units!!Estimate","Miami-Fort Lauderdale-West Palm Beach, FL Metro Area!!Owner-occupied housing units!!Margin of Error","Miami-Fort Lauderdale-West Palm Beach, FL Metro Area!!Percent owner-occupied housing units!!Estimate","Miami-Fort Lauderdale-West Palm Beach, FL Metro Area!!Percent owner-occupied housing units!!Margin of Error","Miami-Fort Lauderdale-West Palm Beach, FL Metro Area!!Renter-occupied housing units!!Estimate","Miami-Fort Lauderdale-West Palm Beach, FL Metro Area!!Renter-occupied housing units!!Margin of Error","Miami-Fort Lauderdale-West Palm Beach, FL Metro Area!!Percent renter-occupied housing units!!Estimate","Miami-Fort Lauderdale-West Palm Beach, FL Metro Area!!Percent renter-occupied housing units!!Margin of Error","Minneapolis-St. Paul-Bloomington, MN-WI Metro Area!!Occupied housing units!!Estimate","Minneapolis-St. Paul-Bloomington, MN-WI Metro Area!!Occupied housing units!!Margin of Error","Minneapolis-St. Paul-Bloomington, MN-WI Metro Area!!Percent occupied housing units!!Estimate","Minneapolis-St. Paul-Bloomington, MN-WI Metro Area!!Percent occupied housing units!!Margin of Error","Minneapolis-St. Paul-Bloomington, MN-WI Metro Area!!Owner-occupied housing units!!Estimate","Minneapolis-St. Paul-Bloomington, MN-WI Metro Area!!Owner-occupied housing units!!Margin of Error","Minneapolis-St. Paul-Bloomington, MN-WI Metro Area!!Percent owner-occupied housing units!!Estimate","Minneapolis-St. Paul-Bloomington, MN-WI Metro Area!!Percent owner-occupied housing units!!Margin of Error","Minneapolis-St. Paul-Bloomington, MN-WI Metro Area!!Renter-occupied housing units!!Estimate","Minneapolis-St. Paul-Bloomington, MN-WI Metro Area!!Renter-occupied housing units!!Margin of Error","Minneapolis-St. Paul-Bloomington, MN-WI Metro Area!!Percent renter-occupied housing units!!Estimate","Minneapolis-St. Paul-Bloomington, MN-WI Metro Area!!Percent renter-occupied housing units!!Margin of Error","Nashville-Davidson--Murfreesboro--Franklin, TN Metro Area!!Occupied housing units!!Estimate","Nashville-Davidson--Murfreesboro--Franklin, TN Metro Area!!Occupied housing units!!Margin of Error","Nashville-Davidson--Murfreesboro--Franklin, TN Metro Area!!Percent occupied housing units!!Estimate","Nashville-Davidson--Murfreesboro--Franklin, TN Metro Area!!Percent occupied housing units!!Margin of Error","Nashville-Davidson--Murfreesboro--Franklin, TN Metro Area!!Owner-occupied housing units!!Estimate","Nashville-Davidson--Murfreesboro--Franklin, TN Metro Area!!Owner-occupied housing units!!Margin of Error","Nashville-Davidson--Murfreesboro--Franklin, TN Metro Area!!Percent owner-occupied housing units!!Estimate","Nashville-Davidson--Murfreesboro--Franklin, TN Metro Area!!Percent owner-occupied housing units!!Margin of Error","Nashville-Davidson--Murfreesboro--Franklin, TN Metro Area!!Renter-occupied housing units!!Estimate","Nashville-Davidson--Murfreesboro--Franklin, TN Metro Area!!Renter-occupied housing units!!Margin of Error","Nashville-Davidson--Murfreesboro--Franklin, TN Metro Area!!Percent renter-occupied housing units!!Estimate","Nashville-Davidson--Murfreesboro--Franklin, TN Metro Area!!Percent renter-occupied housing units!!Margin of Error","New Orleans-Metairie, LA Metro Area!!Occupied housing units!!Estimate","New Orleans-Metairie, LA Metro Area!!Occupied housing units!!Margin of Error","New Orleans-Metairie, LA Metro Area!!Percent occupied housing units!!Estimate","New Orleans-Metairie, LA Metro Area!!Percent occupied housing units!!Margin of Error","New Orleans-Metairie, LA Metro Area!!Owner-occupied housing units!!Estimate","New Orleans-Metairie, LA Metro Area!!Owner-occupied housing units!!Margin of Error","New Orleans-Metairie, LA Metro Area!!Percent owner-occupied housing units!!Estimate","New Orleans-Metairie, LA Metro Area!!Percent owner-occupied housing units!!Margin of Error","New Orleans-Metairie, LA Metro Area!!Renter-occupied housing units!!Estimate","New Orleans-Metairie, LA Metro Area!!Renter-occupied housing units!!Margin of Error","New Orleans-Metairie, LA Metro Area!!Percent renter-occupied housing units!!Estimate","New Orleans-Metairie, LA Metro Area!!Percent renter-occupied housing units!!Margin of Error","Oklahoma City, OK Metro Area!!Occupied housing units!!Estimate","Oklahoma City, OK Metro Area!!Occupied housing units!!Margin of Error","Oklahoma City, OK Metro Area!!Percent occupied housing units!!Estimate","Oklahoma City, OK Metro Area!!Percent occupied housing units!!Margin of Error","Oklahoma City, OK Metro Area!!Owner-occupied housing units!!Estimate","Oklahoma City, OK Metro Area!!Owner-occupied housing units!!Margin of Error","Oklahoma City, OK Metro Area!!Percent owner-occupied housing units!!Estimate","Oklahoma City, OK Metro Area!!Percent owner-occupied housing units!!Margin of Error","Oklahoma City, OK Metro Area!!Renter-occupied housing units!!Estimate","Oklahoma City, OK Metro Area!!Renter-occupied housing units!!Margin of Error","Oklahoma City, OK Metro Area!!Percent renter-occupied housing units!!Estimate","Oklahoma City, OK Metro Area!!Percent renter-occupied housing units!!Margin of Error","Philadelphia-Camden-Wilmington, PA-NJ-DE-MD Metro Area!!Occupied housing units!!Estimate","Philadelphia-Camden-Wilmington, PA-NJ-DE-MD Metro Area!!Occupied housing units!!Margin of Error","Philadelphia-Camden-Wilmington, PA-NJ-DE-MD Metro Area!!Percent occupied housing units!!Estimate","Philadelphia-Camden-Wilmington, PA-NJ-DE-MD Metro Area!!Percent occupied housing units!!Margin of Error","Philadelphia-Camden-Wilmington, PA-NJ-DE-MD Metro Area!!Owner-occupied housing units!!Estimate","Philadelphia-Camden-Wilmington, PA-NJ-DE-MD Metro Area!!Owner-occupied housing units!!Margin of Error","Philadelphia-Camden-Wilmington, PA-NJ-DE-MD Metro Area!!Percent owner-occupied housing units!!Estimate","Philadelphia-Camden-Wilmington, PA-NJ-DE-MD Metro Area!!Percent owner-occupied housing units!!Margin of Error","Philadelphia-Camden-Wilmington, PA-NJ-DE-MD Metro Area!!Renter-occupied housing units!!Estimate","Philadelphia-Camden-Wilmington, PA-NJ-DE-MD Metro Area!!Renter-occupied housing units!!Margin of Error","Philadelphia-Camden-Wilmington, PA-NJ-DE-MD Metro Area!!Percent renter-occupied housing units!!Estimate","Philadelphia-Camden-Wilmington, PA-NJ-DE-MD Metro Area!!Percent renter-occupied housing units!!Margin of Error"
"Occupied housing units","2,271,561","±5,248","2,271,561","±5,248","1,373,056","±7,601","1,373,056","±7,601","898,505","±6,013","898,505","±6,013","542,219","±2,446","542,219","±2,446","348,827","±2,852","348,827","±2,852","193,392","±2,665","193,392","±2,665","815,314","±2,563","815,314","±2,563","531,436","±3,691","531,436","±3,691","283,878","±2,856","283,878","±2,856","749,858","±3,122","749,858","±3,122","395,201","±3,776","395,201","±3,776","354,657","±2,699","354,657","±2,699","495,596","±2,199","495,596","±2,199","298,897","±2,567","298,897","±2,567","196,699","±2,481","196,699","±2,481","2,077,708","±7,077","2,077,708","±7,077","1,241,468","±9,052","1,241,468","±9,052","836,240","±5,747","836,240","±5,747","1,355,503","±2,668","1,355,503","±2,668","948,052","±3,808","948,052","±3,808","407,451","±2,867","407,451","±2,867","691,266","±2,175","691,266","±2,175","453,699","±3,450","453,699","±3,450","237,567","±3,240","237,567","±3,240","480,817","±2,271","480,817","±2,271","297,802","±2,425","297,802","±2,425","183,015","±2,038","183,015","±2,038","505,879","±1,749","505,879","±1,749","323,575","±2,207","323,575","±2,207","182,304","±2,211","182,304","±2,211","2,253,471","±5,237","2,253,471","±5,237","1,516,332","±7,745","1,516,332","±7,745","737,139","±5,169","737,139","±5,169"
"    HOUSEHOLD INCOME IN THE PAST 12 MONTHS (IN 2017 INFLATION-ADJUSTED DOLLARS)","","","","","","","","","","","","","","","","","","","","","","","","","","","","","","","","","","","","","","","","","","","","","","","","","","","","","","","","","","","","","","","","","","","","","","","","","","","","","","","","","","","","","","","","","","","","","","","","","","","","","","","","","","","","","","","","","","","","","","","","","","","","","","","","","","","",""
"        Less than $5,000","66,970","±2,408","2.9%","±0.1","22,653","±1,367","1.6%","±0.1","44,317","±1,872","4.9%","±0.2","19,726","±1,028","3.6%","±0.2","8,423","±683","2.4%","±0.2","11,303","±731","5.8%","±0.4","23,245","±926","2.9%","±0.1","7,829","±531","1.5%","±0.1","15,416","±879","5.4%","±0.3","27,323","±1,105","3.6%","±0.1","8,033","±587","2.0%","±0.1","19,290","±959","5.4%","±0.3","21,818","±1,079","4.4%","±0.2","6,252","±588","2.1%","±0.2","15,566","±905","7.9%","±0.4","79,578","±1,843","3.8%","±0.1","34,407","±1,230","2.8%","±0.1","45,171","±1,505","5.4%","±0.2","27,807","±996","2.1%","±0.1","10,086","±590","1.1%","±0.1","17,721","±761","4.3%","±0.2","20,173","±1,087","2.9%","±0.2","6,958","±540","1.5%","±0.1","13,215","±899","5.6%","±0.4","22,097","±947","4.6%","±0.2","7,671","±630","2.6%","±0.2","14,426","±730","7.9%","±0.4","16,042","±890","3.2%","±0.2","5,466","±403","1.7%","±0.1","10,576","±797","5.8%","±0.4","88,287","±2,188","3.9%","±0.1","29,945","±1,195","2.0%","±0.1","58,342","±1,729","7.9%","±0.2"
"        $5,000 to $9,999","63,127","±1,777","2.8%","±0.1","17,946","±905","1.3%","±0.1","45,181","±1,564","5.0%","±0.2","17,056","±1,062","3.1%","±0.2","6,476","±607","1.9%","±0.2","10,580","±847","5.5%","±0.4","21,361","±857","2.6%","±0.1","5,761","±438","1.1%","±0.1","15,600","±741","5.5%","±0.3","21,622","±1,064","2.9%","±0.1","5,274","±472","1.3%","±0.1","16,348","±987","4.6%","±0.3","20,343","±852","4.1%","±0.2","5,874","±488","2.0%","±0.2","14,469","±794","7.4%","±0.4","84,223","±1,813","4.1%","±0.1","26,246","±935","2.1%","±0.1","57,977","±1,596","6.9%","±0.2","28,785","±977","2.1%","±0.1","7,423","±443","0.8%","±0.1","21,362","±969","5.2%","±0.2","18,212","±869","2.6%","±0.1","5,677","±529","1.3%","±0.1","12,535","±700","5.3%","±0.3","23,584","±977","4.9%","±0.2","7,191","±479","2.4%","±0.2","16,393","±830","9.0%","±0.4","16,845","±843","3.3%","±0.2","4,810","±455","1.5%","±0.1","12,035","±745","6.6%","±0.4","74,663","±1,803","3.3%","±0.1","22,577","±1,105","1.5%","±0.1","52,086","±1,541","7.1%","±0.2"
"        $10,000 to $14,999","90,944","±2,321","4.0%","±0.1","31,311","±1,230","2.3%","±0.1","59,633","±1,896","6.6%","±0.2","22,933","±1,061","4.2%","±0.2","9,677","±733","2.8%","±0.2","13,256","±799","6.9%","±0.4","33,765","±1,176","4.1%","±0.1","11,548","±580","2.2%","±0.1","22,217","±987","7.8%","±0.3","31,090","±1,100","4.1%","±0.1","8,877","±603","2.2%","±0.1","22,213","±1,006","6.3%","±0.3","27,533","±1,229","5.6%","±0.2","9,841","±599","3.3%","±0.2","17,692","±955","9.0%","±0.5","109,718","±2,384","5.3%","±0.1","47,898","±1,420","3.9%","±0.1","61,820","±2,011","7.4%","±0.2","44,293","±1,385","3.3%","±0.1","12,759","±676","1.3%","±0.1","31,534","±1,323","7.7%","±0.3","27,275","±1,284","3.9%","±0.2","10,467","±676","2.3%","±0.1","16,808","±1,075","7.1%","±0.5","28,892","±930","6.0%","±0.2","11,763","±686","3.9%","±0.2","17,129","±755","9.4%","±0.4","23,477","±1,057","4.6%","±0.2","8,697","±560","2.7%","±0.2","14,780","±817","8.1%","±0.4","91,737","±2,088","4.1%","±0.1","35,715","±1,387","2.4%","±0.1","56,022","±1,760","7.6%","±0.2"
"        $15,000 to $19,999","100,035","±2,589","4.4%","±0.1","35,722","±1,379","2.6%","±0.1","64,313","±1,916","7.2%","±0.2","23,127","±1,215","4.3%","±0.2","10,270","±757","2.9%","±0.2","12,857","±928","6.6%","±0.5","33,402","±1,103","4.1%","±0.1","13,364","±571","2.5%","±0.1","20,038","±972","7.1%","±0.3","34,104","±1,400","4.5%","±0.2","11,934","±694","3.0%","±0.2","22,170","±1,118","6.3%","±0.3","29,472","±1,187","5.9%","±0.2","12,240","±806","4.1%","±0.3","17,232","±841","8.8%","±0.4","113,777","±2,678","5.5%","±0.1","53,469","±1,807","4.3%","±0.1","60,308","±1,973","7.2%","±0.2","46,411","±1,435","3.4%","±0.1","17,556","±607","1.9%","±0.1","28,855","±1,176","7.1%","±0.3","29,317","±1,227","4.2%","±0.2","12,449","±788","2.7%","±0.2","16,868","±933","7.1%","±0.4","27,689","±1,176","5.8%","±0.2","11,675","±698","3.9%","±0.2","16,014","±923","8.8%","±0.5","23,379","±876","4.6%","±0.2","9,306","±540","2.9%","±0.2","14,073","±743","7.7%","±0.4","94,975","±2,032","4.2%","±0.1","43,257","±1,529","2.9%","±0.1","51,718","±1,392","7.0%","±0.2"
"        $20,000 to $24,999","107,644","±2,661","4.7%","±0.1","44,023","±1,764","3.2%","±0.1","63,621","±2,166","7.1%","±0.2","25,474","±1,244","4.7%","±0.2","12,265","±817","3.5%","±0.2","13,209","±1,019","6.8%","±0.5","37,083","±1,237","4.5%","±0.2","16,829","±800","3.2%","±0.1","20,254","±984","7.1%","±0.3","38,051","±1,285","5.1%","±0.2","14,310","±768","3.6%","±0.2","23,741","±1,085","6.7%","±0.3","28,030","±1,203","5.7%","±0.2","11,891","±754","4.0%","±0.2","16,139","±1,000","8.2%","±0.5","117,618","±2,437","5.7%","±0.1","54,667","±1,689","4.4%","±0.1","62,951","±1,787","7.5%","±0.2","50,385","±1,307","3.7%","±0.1","22,268","±757","2.3%","±0.1","28,117","±1,115","6.9%","±0.3","33,491","±1,377","4.8%","±0.2","14,163","±783","3.1%","±0.2","19,328","±1,045","8.1%","±0.4","26,383","±900","5.5%","±0.2","12,507","±620","4.2%","±0.2","13,876","±800","7.6%","±0.4","25,542","±1,042","5.0%","±0.2","11,615","±594","3.6%","±0.2","13,927","±809","7.6%","±0.4","94,019","±2,346","4.2%","±0.1","47,614","±1,517","3.1%","±0.1","46,405","±1,575","6.3%","±0.2"
"        $25,000 to $34,999","205,616","±4,027","9.1%","±0.2","88,756","±2,474","6.5%","±0.2","116,860","±3,062","13.0%","±0.3","56,133","±1,926","10.4%","±0.3","28,205","±1,301","8.1%","±0.4","27,928","±1,434","14.4%","±0.7","75,640","±1,626","9.3%","±0.2","36,670","±1,208","6.9%","±0.2","38,970","±1,348","13.7%","±0.4","80,691","±1,772","10.8%","±0.2","32,328","±1,257","8.2%","±0.3","48,363","±1,438","13.6%","±0.4","52,805","±1,726","10.7%","±0.3","25,249","±912","8.4%","±0.3","27,556","±1,380","14.0%","±0.7","214,369","±3,445","10.3%","±0.2","104,277","±2,385","8.4%","±0.2","110,092","±2,844","13.2%","±0.3","100,906","±1,829","7.4%","±0.1","50,536","±1,344","5.3%","±0.1","50,370","±1,336","12.4%","±0.3","64,823","±1,726","9.4%","±0.3","33,441","±1,143","7.4%","±0.2","31,382","±1,289","13.2%","±0.5","49,332","±1,646","10.3%","±0.3","24,701","±999","8.3%","±0.3","24,631","±1,152","13.5%","±0.6","53,310","±1,463","10.5%","±0.3","26,444","±974","8.2%","±0.3","26,866","±1,208","14.7%","±0.7","181,617","±3,302","8.1%","±0.1","95,007","±1,969","6.3%","±0.1","86,610","±2,374","11.7%","±0.3"
"        $35,000 to $49,999","277,762","±3,877","12.2%","±0.2","135,973","±2,562","9.9%","±0.2","141,789","±2,707","15.8%","±0.3","76,562","±1,785","14.1%","±0.3","42,730","±1,480","12.2%","±0.4","33,832","±1,362","17.5%","±0.7","109,103","±2,229","13.4%","±0.3","60,676","±1,800","11.4%","±0.3","48,427","±1,317","17.1%","±0.4","109,439","±2,241","14.6%","±0.3","49,839","±1,565","12.6%","±0.4","59,600","±1,665","16.8%","±0.4","66,878","±1,756","13.5%","±0.4","37,046","±1,465","12.4%","±0.5","29,832","±1,251","15.2%","±0.6","284,558","±3,443","13.7%","±0.2","148,995","±2,417","12.0%","±0.2","135,563","±3,111","16.2%","±0.3","152,904","±2,244","11.3%","±0.2","87,849","±1,667","9.3%","±0.2","65,055","±1,574","16.0%","±0.4","97,067","±2,333","14.0%","±0.3","56,313","±1,772","12.4%","±0.4","40,754","±1,461","17.2%","±0.6","61,777","±1,572","12.8%","±0.3","35,915","±1,087","12.1%","±0.3","25,862","±1,185","14.1%","±0.6","72,018","±1,746","14.2%","±0.3","40,398","±1,146","12.5%","±0.3","31,620","±1,228","17.3%","±0.6","254,359","±3,306","11.3%","±0.1","147,458","±2,640","9.7%","±0.2","106,901","±2,399","14.5%","±0.3"
"        $50,000 to $74,999","391,041","±4,529","17.2%","±0.2","229,786","±3,287","16.7%","±0.2","161,255","±3,441","17.9%","±0.3","102,142","±2,148","18.8%","±0.4","67,567","±1,976","19.4%","±0.5","34,575","±1,442","17.9%","±0.7","150,204","±2,239","18.4%","±0.3","98,888","±1,962","18.6%","±0.3","51,316","±1,526","18.1%","±0.5","147,559","±2,588","19.7%","±0.3","80,304","±2,030","20.3%","±0.5","67,255","±1,727","19.0%","±0.5","87,842","±1,666","17.7%","±0.3","57,562","±1,254","19.3%","±0.4","30,280","±1,205","15.4%","±0.6","355,922","±4,488","17.1%","±0.2","214,635","±3,465","17.3%","±0.2","141,287","±3,253","16.9%","±0.4","238,037","±3,207","17.6%","±0.2","161,948","±2,384","17.1%","±0.3","76,089","±1,818","18.7%","±0.4","133,189","±1,983","19.3%","±0.3","90,086","±1,676","19.9%","±0.4","43,103","±1,303","18.1%","±0.6","79,355","±1,557","16.5%","±0.3","52,826","±1,364","17.7%","±0.4","26,529","±1,138","14.5%","±0.6","96,677","±1,526","19.1%","±0.3","65,569","±1,295","20.3%","±0.4","31,108","±1,108","17.1%","±0.6","361,924","±4,037","16.1%","±0.2","239,466","±2,755","15.8%","±0.2","122,458","±2,511","16.6%","±0.3"
"        $75,000 to $99,999","267,362","±4,678","11.8%","±0.2","185,310","±3,717","13.5%","±0.3","82,052","±2,654","9.1%","±0.3","69,832","±2,276","12.9%","±0.4","52,358","±1,731","15.0%","±0.5","17,474","±1,267","9.0%","±0.6","110,883","±1,933","13.6%","±0.2","84,036","±1,783","15.8%","±0.3","26,847","±1,089","9.5%","±0.4","96,961","±1,868","12.9%","±0.2","61,492","±1,393","15.6%","±0.3","35,469","±1,394","10.0%","±0.4","55,870","±1,621","11.3%","±0.3","42,146","±1,336","14.1%","±0.4","13,724","±881","7.0%","±0.5","230,988","±3,170","11.1%","±0.1","159,721","±2,948","12.9%","±0.2","71,267","±1,732","8.5%","±0.2","190,820","±2,548","14.1%","±0.2","149,160","±2,169","15.7%","±0.2","41,660","±1,528","10.2%","±0.4","92,119","±1,980","13.3%","±0.3","70,156","±1,620","15.5%","±0.4","21,963","±1,144","9.2%","±0.5","53,330","±1,370","11.1%","±0.3","39,749","±1,204","13.3%","±0.4","13,581","±676","7.4%","±0.4","64,365","±1,520","12.7%","±0.3","49,881","±1,328","15.4%","±0.4","14,484","±767","7.9%","±0.4","275,600","±2,993","12.2%","±0.1","207,878","±2,820","13.7%","±0.2","67,722","±1,894","9.2%","±0.2"
"        $100,000 to $149,999","343,338","±5,092","15.1%","±0.2","268,892","±4,432","19.6%","±0.3","74,446","±2,509","8.3%","±0.3","73,229","±1,867","13.5%","±0.3","59,855","±1,900","17.2%","±0.5","13,374","±836","6.9%","±0.4","125,932","±2,220","15.4%","±0.3","108,306","±2,207","20.4%","±0.4","17,626","±896","6.2%","±0.3","98,065","±2,077","13.1%","±0.3","69,889","±1,847","17.7%","±0.4","28,176","±1,196","7.9%","±0.3","60,475","±1,572","12.2%","±0.3","50,339","±1,459","16.8%","±0.5","10,136","±786","5.2%","±0.4","253,575","±3,383","12.2%","±0.1","196,454","±3,057","15.8%","±0.2","57,121","±1,707","6.8%","±0.2","251,535","±2,590","18.6%","±0.2","219,536","±2,507","23.2%","±0.2","31,999","±1,132","7.9%","±0.3","97,907","±1,782","14.2%","±0.3","83,335","±1,819","18.4%","±0.4","14,572","±897","6.1%","±0.4","59,817","±1,612","12.4%","±0.3","49,820","±1,504","16.7%","±0.5","9,997","±725","5.5%","±0.4","66,134","±1,282","13.1%","±0.2","56,951","±1,151","17.6%","±0.3","9,183","±602","5.0%","±0.3","364,206","±3,765","16.2%","±0.2","307,000","±3,378","20.2%","±0.2","57,206","±1,764","7.8%","±0.2"
"        $150,000 or more","357,722","±4,147","15.7%","±0.2","312,684","±4,105","22.8%","±0.3","45,038","±1,742","5.0%","±0.2","56,005","±1,680","10.3%","±0.3","51,001","±1,625","14.6%","±0.5","5,004","±529","2.6%","±0.3","94,696","±1,599","11.6%","±0.2","87,529","±1,637","16.5%","±0.3","7,167","±576","2.5%","±0.2","64,953","±1,137","8.7%","±0.1","52,921","±1,173","13.4%","±0.3","12,032","±668","3.4%","±0.2","44,530","±1,389","9.0%","±0.3","40,457","±1,317","13.5%","±0.4","4,073","±482","2.1%","±0.2","233,382","±2,947","11.2%","±0.1","200,699","±2,804","16.2%","±0.2","32,683","±1,305","3.9%","±0.2","223,620","±2,406","16.5%","±0.2","208,931","±2,450","22.0%","±0.2","14,689","±707","3.6%","±0.2","77,693","±1,666","11.2%","±0.2","70,654","±1,598","15.6%","±0.3","7,039","±712","3.0%","±0.3","48,561","±1,261","10.1%","±0.3","43,984","±1,174","14.8%","±0.4","4,577","±408","2.5%","±0.2","48,090","±1,186","9.5%","±0.2","44,438","±1,021","13.7%","±0.3","3,652","±419","2.0%","±0.2","372,084","±4,117","16.5%","±0.2","340,415","±4,017","22.4%","±0.2","31,669","±1,169","4.3%","±0.2"
"        Median household income (dollars)","62,922","±363","62,922","±363","85,015","±585","85,015","±585","40,389","±333","40,389","±333","56,449","±656","56,449","±656","70,543","±1,059","70,543","±1,059","37,431","±718","37,431","±718","61,479","±350","61,479","±350","78,901","±611","78,901","±611","37,245","±452","37,245","±452","54,882","±434","54,882","±434","70,810","±639","70,810","±639","40,815","±412","40,815","±412","50,194","±394","50,194","±394","66,898","±861","66,898","±861","30,688","±488","30,688","±488","51,758","±246","51,758","±246","66,651","±411","66,651","±411","36,780","±311","36,780","±311","73,735","±375","73,735","±375","91,870","±475","91,870","±475","40,431","±427","40,431","±427","59,365","±465","59,365","±465","74,259","±528","74,259","±528","37,602","±704","37,602","±704","50,154","±490","50,154","±490","67,025","±774","67,025","±774","30,186","±544","30,186","±544","54,946","±482","54,946","±482","70,664","±584","70,664","±584","34,503","±621","34,503","±621","66,285","±354","66,285","±354","86,213","±471","86,213","±471","36,933","±304","36,933","±304"
"    MONTHLY HOUSING COSTS","","","","","","","","","","","","","","","","","","","","","","","","","","","","","","","","","","","","","","","","","","","","","","","","","","","","","","","","","","","","","","","","","","","","","","","","","","","","","","","","","","","","","","","","","","","","","","","","","","","","","","","","","","","","","","","","","","","","","","","","","","","","","","","","","","","",""
"        Less than $300","99,575","±1,802","4.4%","±0.1","83,963","±1,803","6.1%","±0.1","15,612","±1,052","1.7%","±0.1","34,071","±1,249","6.3%","±0.2","28,229","±1,102","8.1%","±0.3","5,842","±537","3.0%","±0.3","30,377","±1,066","3.7%","±0.1","20,038","±747","3.8%","±0.1","10,339","±603","3.6%","±0.2","30,799","±1,067","4.1%","±0.1","26,901","±915","6.8%","±0.2","3,898","±440","1.1%","±0.1","30,042","±1,065","6.1%","±0.2","23,666","±907","7.9%","±0.3","6,376","±463","3.2%","±0.2","82,883","±1,983","4.0%","±0.1","57,579","±1,693","4.6%","±0.1","25,304","±971","3.0%","±0.1","39,787","±1,180","2.9%","±0.1","20,027","±748","2.1%","±0.1","19,760","±917","4.8%","±0.2","37,294","±1,214","5.4%","±0.2","27,247","±1,027","6.0%","±0.2","10,047","±630","4.2%","±0.3","42,320","±1,074","8.8%","±0.2","35,436","±1,072","11.9%","±0.3","6,884","±481","3.8%","±0.3","33,109","±1,043","6.5%","±0.2","27,587","±855","8.5%","±0.3","5,522","±502","3.0%","±0.3","76,667","±1,901","3.4%","±0.1","45,114","±1,411","3.0%","±0.1","31,553","±1,273","4.3%","±0.2"
"        $300 to $499","168,726","±3,402","7.4%","±0.1","144,033","±3,088","10.5%","±0.2","24,693","±1,040","2.7%","±0.1","48,325","±1,426","8.9%","±0.3","42,939","±1,378","12.3%","±0.4","5,386","±589","2.8%","±0.3","82,512","±1,794","10.1%","±0.2","66,894","±1,497","12.6%","±0.3","15,618","±870","5.5%","±0.3","58,977","±1,401","7.9%","±0.2","51,397","±1,232","13.0%","±0.3","7,580","±525","2.1%","±0.1","51,801","±1,475","10.5%","±0.3","41,074","±1,343","13.7%","±0.4","10,727","±684","5.5%","±0.3","148,158","±2,619","7.1%","±0.1","127,520","±2,559","10.3%","±0.2","20,638","±966","2.5%","±0.1","106,953","±1,680","7.9%","±0.1","87,853","±1,363","9.3%","±0.1","19,100","±926","4.7%","±0.2","78,769","±1,647","11.4%","±0.2","67,555","±1,699","14.9%","±0.3","11,214","±905","4.7%","±0.4","56,428","±1,238","11.7%","±0.2","46,323","±1,105","15.6%","±0.3","10,105","±731","5.5%","±0.4","59,283","±1,166","11.7%","±0.2","48,538","±1,117","15.0%","±0.3","10,745","±611","5.9%","±0.3","142,411","±2,740","6.3%","±0.1","112,775","±2,247","7.4%","±0.1","29,636","±1,292","4.0%","±0.2"
"        $500 to $799","401,563","±4,506","17.7%","±0.2","198,024","±3,298","14.4%","±0.2","203,539","±3,233","22.7%","±0.4","88,603","±1,883","16.3%","±0.3","52,175","±1,518","15.0%","±0.4","36,428","±1,410","18.8%","±0.7","169,941","±2,477","20.8%","±0.3","92,282","±1,829","17.4%","±0.3","77,659","±2,055","27.4%","±0.6","115,343","±2,154","15.4%","±0.3","46,669","±1,375","11.8%","±0.3","68,674","±1,573","19.4%","±0.5","105,138","±1,890","21.2%","±0.4","49,463","±1,427","16.5%","±0.5","55,675","±1,451","28.3%","±0.7","269,344","±3,715","13.0%","±0.2","197,473","±3,010","15.9%","±0.2","71,871","±1,892","8.6%","±0.2","209,278","±2,458","15.4%","±0.2","139,893","±2,047","14.8%","±0.2","69,385","±1,491","17.0%","±0.3","115,654","±2,209","16.7%","±0.3","63,692","±1,662","14.0%","±0.3","51,962","±1,559","21.9%","±0.6","82,636","±1,650","17.2%","±0.3","44,217","±1,008","14.8%","±0.3","38,419","±1,252","21.0%","±0.7","120,105","±2,158","23.7%","±0.4","56,500","±1,594","17.5%","±0.5","63,605","±1,379","34.9%","±0.6","309,538","±3,595","13.7%","±0.2","210,154","±2,861","13.9%","±0.2","99,384","±2,150","13.5%","±0.3"
"        $800 to $999","308,336","±4,129","13.6%","±0.2","116,018","±2,990","8.4%","±0.2","192,318","±3,067","21.4%","±0.3","77,564","±1,926","14.3%","±0.4","36,287","±1,291","10.4%","±0.4","41,277","±1,571","21.3%","±0.7","118,985","±2,099","14.6%","±0.3","53,337","±1,440","10.0%","±0.3","65,648","±1,523","23.1%","±0.5","114,928","±2,313","15.3%","±0.3","37,593","±1,332","9.5%","±0.3","77,335","±1,681","21.8%","±0.5","82,014","±1,858","16.5%","±0.4","35,243","±1,104","11.8%","±0.4","46,771","±1,526","23.8%","±0.7","230,356","±3,293","11.1%","±0.2","108,177","±2,215","8.7%","±0.2","122,179","±2,580","14.6%","±0.3","157,617","±2,230","11.6%","±0.2","68,293","±1,324","7.2%","±0.1","89,324","±1,748","21.9%","±0.4","98,203","±2,049","14.2%","±0.3","46,246","±1,320","10.2%","±0.3","51,957","±1,583","21.9%","±0.6","67,438","±1,487","14.0%","±0.3","24,669","±994","8.3%","±0.3","42,769","±1,278","23.4%","±0.7","77,020","±1,631","15.2%","±0.3","35,347","±1,122","10.9%","±0.3","41,673","±1,329","22.9%","±0.7","281,510","±3,615","12.5%","±0.2","137,170","±2,211","9.0%","±0.1","144,340","±2,759","19.6%","±0.3"
"        $1,000 to $1,499","594,064","±5,389","26.2%","±0.2","314,088","±3,975","22.9%","±0.3","279,976","±4,321","31.2%","±0.4","152,937","±2,573","28.2%","±0.5","83,519","±1,776","23.9%","±0.5","69,418","±2,114","35.9%","±1.0","215,318","±2,519","26.4%","±0.3","135,177","±2,058","25.4%","±0.3","80,141","±1,826","28.2%","±0.6","238,979","±3,064","31.9%","±0.4","106,141","±2,148","26.9%","±0.5","132,838","±2,479","37.5%","±0.6","128,981","±2,040","26.0%","±0.4","75,142","±1,527","25.1%","±0.4","53,839","±1,712","27.4%","±0.8","559,297","±4,297","26.9%","±0.2","243,888","±3,509","19.6%","±0.2","315,409","±3,704","37.7%","±0.4","346,716","±3,396","25.6%","±0.3","217,507","±2,647","22.9%","±0.3","129,209","±2,005","31.7%","±0.5","191,392","±2,262","27.7%","±0.3","118,320","±1,956","26.1%","±0.4","73,072","±1,972","30.8%","±0.6","119,530","±2,123","24.9%","±0.4","63,030","±1,645","21.2%","±0.5","56,500","±1,615","30.9%","±0.8","118,876","±1,966","23.5%","±0.4","79,984","±1,573","24.7%","±0.4","38,892","±1,346","21.3%","±0.7","563,513","±4,590","25.0%","±0.2","302,977","±3,239","20.0%","±0.2","260,536","±3,464","35.3%","±0.4"
"        $1,500 to $1,999","331,657","±4,186","14.6%","±0.2","229,573","±3,515","16.7%","±0.2","102,084","±2,972","11.4%","±0.3","72,736","±1,904","13.4%","±0.4","53,326","±1,662","15.3%","±0.5","19,410","±1,158","10.0%","±0.6","101,826","±2,107","12.5%","±0.3","85,311","±1,983","16.1%","±0.4","16,515","±870","5.8%","±0.3","107,484","±1,911","14.3%","±0.2","65,679","±1,553","16.6%","±0.4","41,805","±1,288","11.8%","±0.3","50,818","±1,255","10.3%","±0.3","40,635","±1,168","13.6%","±0.4","10,183","±667","5.2%","±0.3","360,164","±3,176","17.3%","±0.1","199,127","±2,942","16.0%","±0.2","161,037","±3,095","19.3%","±0.3","244,956","±2,478","18.1%","±0.2","194,595","±2,427","20.5%","±0.2","50,361","±1,303","12.4%","±0.3","84,002","±1,737","12.2%","±0.2","65,088","±1,651","14.3%","±0.3","18,914","±1,055","8.0%","±0.4","55,256","±1,293","11.5%","±0.3","41,251","±1,184","13.9%","±0.4","14,005","±840","7.7%","±0.4","49,812","±1,252","9.8%","±0.2","40,749","±1,146","12.6%","±0.3","9,063","±681","5.0%","±0.4","362,934","±3,934","16.1%","±0.2","271,115","±3,203","17.9%","±0.2","91,819","±2,425","12.5%","±0.3"
"        $2,000 to $2,499","147,680","±3,019","6.5%","±0.1","121,374","±2,622","8.8%","±0.2","26,306","±1,529","2.9%","±0.2","28,737","±1,417","5.3%","±0.3","24,314","±1,239","7.0%","±0.3","4,423","±671","2.3%","±0.3","45,957","±1,179","5.6%","±0.1","41,784","±1,111","7.9%","±0.2","4,173","±519","1.5%","±0.2","39,837","±1,190","5.3%","±0.2","30,489","±1,000","7.7%","±0.2","9,348","±776","2.6%","±0.2","18,818","±929","3.8%","±0.2","16,660","±862","5.6%","±0.3","2,158","±365","1.1%","±0.2","182,709","±2,894","8.8%","±0.1","127,152","±2,655","10.2%","±0.2","55,557","±1,644","6.6%","±0.2","119,719","±1,931","8.8%","±0.1","107,579","±1,808","11.3%","±0.2","12,140","±669","3.0%","±0.2","36,890","±1,139","5.3%","±0.2","31,195","±1,005","6.9%","±0.2","5,695","±542","2.4%","±0.2","23,368","±945","4.9%","±0.2","20,339","±848","6.8%","±0.3","3,029","±356","1.7%","±0.2","20,119","±845","4.0%","±0.2","18,372","±751","5.7%","±0.2","1,747","±284","1.0%","±0.2","216,830","±3,243","9.6%","±0.1","186,258","±2,839","12.3%","±0.2","30,572","±1,341","4.1%","±0.2"
"        $2,500 to $2,999","79,013","±1,937","3.5%","±0.1","69,519","±1,784","5.1%","±0.1","9,494","±962","1.1%","±0.1","14,331","±925","2.6%","±0.2","13,160","±922","3.8%","±0.3","1,171","±257","0.6%","±0.1","18,141","±726","2.2%","±0.1","17,287","±695","3.3%","±0.1","854","±178","0.3%","±0.1","18,349","±926","2.4%","±0.1","15,806","±789","4.0%","±0.2","2,543","±381","0.7%","±0.1","8,461","±568","1.7%","±0.1","8,162","±573","2.7%","±0.2","299","±122","0.2%","±0.1","90,175","±1,950","4.3%","±0.1","71,170","±1,758","5.7%","±0.1","19,005","±963","2.3%","±0.1","56,987","±1,489","4.2%","±0.1","53,504","±1,520","5.6%","±0.2","3,483","±414","0.9%","±0.1","17,950","±1,000","2.6%","±0.1","16,254","±882","3.6%","±0.2","1,696","±277","0.7%","±0.1","10,404","±592","2.2%","±0.1","9,624","±589","3.2%","±0.2","780","±143","0.4%","±0.1","8,396","±496","1.7%","±0.1","7,958","±502","2.5%","±0.2","438","±133","0.2%","±0.1","121,404","±2,556","5.4%","±0.1","111,916","±2,472","7.4%","±0.2","9,488","±555","1.3%","±0.1"
"        $3,000 or more","105,671","±2,534","4.7%","±0.1","96,464","±2,321","7.0%","±0.2","9,207","±721","1.0%","±0.1","15,808","±718","2.9%","±0.1","14,878","±662","4.3%","±0.2","930","±179","0.5%","±0.1","20,820","±846","2.6%","±0.1","19,326","±793","3.6%","±0.1","1,494","±217","0.5%","±0.1","16,210","±841","2.2%","±0.1","14,526","±708","3.7%","±0.2","1,684","±310","0.5%","±0.1","9,594","±577","1.9%","±0.1","8,852","±575","3.0%","±0.2","742","±248","0.4%","±0.1","125,107","±2,339","6.0%","±0.1","109,382","±2,285","8.8%","±0.2","15,725","±864","1.9%","±0.1","61,605","±1,197","4.5%","±0.1","58,801","±1,107","6.2%","±0.1","2,804","±369","0.7%","±0.1","19,446","±794","2.8%","±0.1","18,102","±708","4.0%","±0.2","1,344","±325","0.6%","±0.1","13,731","±713","2.9%","±0.1","12,913","±692","4.3%","±0.2","818","±187","0.4%","±0.1","9,141","±626","1.8%","±0.1","8,540","±611","2.6%","±0.2","601","±162","0.3%","±0.1","147,602","±2,164","6.5%","±0.1","138,853","±2,125","9.2%","±0.1","8,749","±562","1.2%","±0.1"
"        No cash rent","35,276","±1,628","1.6%","±0.1","(X)","(X)","(X)","(X)","35,276","±1,628","3.9%","±0.2","9,107","±786","1.7%","±0.1","(X)","(X)","(X)","(X)","9,107","±786","4.7%","±0.4","11,437","±638","1.4%","±0.1","(X)","(X)","(X)","(X)","11,437","±638","4.0%","±0.2","8,952","±586","1.2%","±0.1","(X)","(X)","(X)","(X)","8,952","±586","2.5%","±0.2","9,929","±670","2.0%","±0.1","(X)","(X)","(X)","(X)","9,929","±670","5.0%","±0.3","29,515","±1,139","1.4%","±0.1","(X)","(X)","(X)","(X)","29,515","±1,139","3.5%","±0.1","11,885","±578","0.9%","±0.1","(X)","(X)","(X)","(X)","11,885","±578","2.9%","±0.1","11,666","±791","1.7%","±0.1","(X)","(X)","(X)","(X)","11,666","±791","4.9%","±0.3","9,706","±719","2.0%","±0.1","(X)","(X)","(X)","(X)","9,706","±719","5.3%","±0.4","10,018","±578","2.0%","±0.1","(X)","(X)","(X)","(X)","10,018","±578","5.5%","±0.3","31,062","±1,211","1.4%","±0.1","(X)","(X)","(X)","(X)","31,062","±1,211","4.2%","±0.2"
"        Median (dollars)","1,105","±4","1,105","±4","1,229","±6","1,229","±6","995","±4","995","±4","1,052","±7","1,052","±7","1,084","±12","1,084","±12","1,019","±10","1,019","±10","1,000","±5","1,000","±5","1,119","±7","1,119","±7","894","±6","894","±6","1,094","±5","1,094","±5","1,159","±8","1,159","±8","1,048","±6","1,048","±6","936","±5","936","±5","1,000","±10","1,000","±10","883","±5","883","±5","1,244","±4","1,244","±4","1,262","±7","1,262","±7","1,232","±5","1,232","±5","1,224","±5","1,224","±5","1,373","±6","1,373","±6","1,001","±5","1,001","±5","1,022","±5","1,022","±5","1,085","±7","1,085","±7","951","±6","951","±6","961","±6","961","±6","986","±11","986","±11","947","±7","947","±7","888","±5","888","±5","966","±10","966","±10","827","±5","827","±5","1,240","±4","1,240","±4","1,417","±6","1,417","±6","1,075","±4","1,075","±4"
"    MONTHLY HOUSING COSTS AS A PERCENTAGE OF HOUSEHOLD INCOME IN THE PAST 12 MONTHS","","","","","","","","","","","","","","","","","","","","","","","","","","","","","","","","","","","","","","","","","","","","","","","","","","","","","","","","","","","","","","","","","","","","","","","","","","","","","","","","","","","","","","","","","","","","","","","","","","","","","","","","","","","","","","","","","","","","","","","","","","","","","","","","","","","",""
"        Less than $20,000","277,767","±3,862","12.2%","±0.2","97,100","±2,168","7.1%","±0.2","180,667","±3,091","20.1%","±0.4","70,771","±1,934","13.1%","±0.3","30,977","±1,241","8.9%","±0.4","39,794","±1,641","20.6%","±0.8","98,639","±1,741","12.1%","±0.2","35,210","±1,042","6.6%","±0.2","63,429","±1,495","22.3%","±0.5","97,938","±2,087","13.1%","±0.3","30,160","±1,080","7.6%","±0.3","67,778","±1,737","19.1%","±0.5","84,962","±1,912","17.1%","±0.4","31,392","±1,174","10.5%","±0.4","53,570","±1,534","27.2%","±0.7","332,412","±3,525","16.0%","±0.2","143,407","±2,405","11.6%","±0.2","189,005","±3,078","22.6%","±0.3","135,939","±2,272","10.0%","±0.2","44,039","±1,119","4.6%","±0.1","91,900","±2,057","22.6%","±0.5","83,100","±2,110","12.0%","±0.3","32,565","±1,330","7.2%","±0.3","50,535","±1,532","21.3%","±0.6","88,347","±1,488","18.4%","±0.3","34,771","±1,080","11.7%","±0.4","53,576","±1,353","29.3%","±0.7","69,792","±1,673","13.8%","±0.3","25,964","±1,029","8.0%","±0.3","43,828","±1,262","24.0%","±0.6","294,858","±3,357","13.1%","±0.2","117,118","±2,390","7.7%","±0.2","177,740","±2,757","24.1%","±0.4"
"            Less than 20 percent","13,284","±828","0.6%","±0.1","10,905","±707","0.8%","±0.1","2,379","±370","0.3%","±0.1","4,757","±509","0.9%","±0.1","3,702","±475","1.1%","±0.1","1,055","±265","0.5%","±0.1","4,147","±418","0.5%","±0.1","2,415","±296","0.5%","±0.1","1,732","±336","0.6%","±0.1","3,125","±399","0.4%","±0.1","2,624","±372","0.7%","±0.1","501","±155","0.1%","±0.1","4,100","±495","0.8%","±0.1","3,359","±444","1.1%","±0.1","741","±142","0.4%","±0.1","11,613","±668","0.6%","±0.1","8,661","±575","0.7%","±0.1","2,952","±369","0.4%","±0.1","5,001","±495","0.4%","±0.1","1,758","±205","0.2%","±0.1","3,243","±414","0.8%","±0.1","5,528","±541","0.8%","±0.1","3,634","±449","0.8%","±0.1","1,894","±328","0.8%","±0.1","6,181","±455","1.3%","±0.1","5,386","±439","1.8%","±0.1","795","±182","0.4%","±0.1","4,653","±397","0.9%","±0.1","3,754","±331","1.2%","±0.1","899","±243","0.5%","±0.1","10,100","±731","0.4%","±0.1","5,373","±468","0.4%","±0.1","4,727","±500","0.6%","±0.1"
"            20 to 29 percent","19,251","±1,089","0.8%","±0.1","12,206","±815","0.9%","±0.1","7,045","±653","0.8%","±0.1","5,405","±448","1.0%","±0.1","3,132","±314","0.9%","±0.1","2,273","±332","1.2%","±0.2","10,694","±714","1.3%","±0.1","4,984","±460","0.9%","±0.1","5,710","±451","2.0%","±0.2","5,193","±401","0.7%","±0.1","3,516","±325","0.9%","±0.1","1,677","±244","0.5%","±0.1","8,170","±553","1.6%","±0.1","4,537","±416","1.5%","±0.1","3,633","±363","1.8%","±0.2","25,671","±1,154","1.2%","±0.1","13,466","±894","1.1%","±0.1","12,205","±696","1.5%","±0.1","14,719","±830","1.1%","±0.1","4,085","±356","0.4%","±0.1","10,634","±711","2.6%","±0.2","9,177","±629","1.3%","±0.1","4,703","±442","1.0%","±0.1","4,474","±457","1.9%","±0.2","7,980","±538","1.7%","±0.1","5,063","±462","1.7%","±0.2","2,917","±302","1.6%","±0.2","6,248","±491","1.2%","±0.1","3,663","±334","1.1%","±0.1","2,585","±331","1.4%","±0.2","26,285","±1,019","1.2%","±0.1","10,359","±667","0.7%","±0.1","15,926","±722","2.2%","±0.1"
"            30 percent or more","245,232","±3,849","10.8%","±0.2","73,989","±2,022","5.4%","±0.1","171,243","±3,078","19.1%","±0.4","60,609","±1,775","11.2%","±0.3","24,143","±1,051","6.9%","±0.3","36,466","±1,555","18.9%","±0.8","83,798","±1,860","10.3%","±0.2","27,811","±973","5.2%","±0.2","55,987","±1,591","19.7%","±0.5","89,620","±1,953","12.0%","±0.3","24,020","±935","6.1%","±0.2","65,600","±1,690","18.5%","±0.5","72,692","±1,680","14.7%","±0.3","23,496","±1,069","7.9%","±0.3","49,196","±1,416","25.0%","±0.7","295,128","±3,709","14.2%","±0.2","121,280","±2,290","9.8%","±0.2","173,848","±3,119","20.8%","±0.3","116,219","±1,995","8.6%","±0.1","38,196","±1,030","4.0%","±0.1","78,023","±1,839","19.1%","±0.4","68,395","±1,922","9.9%","±0.3","24,228","±1,122","5.3%","±0.2","44,167","±1,533","18.6%","±0.6","74,186","±1,358","15.4%","±0.3","24,322","±931","8.2%","±0.3","49,864","±1,262","27.2%","±0.6","58,891","±1,565","11.6%","±0.3","18,547","±825","5.7%","±0.3","40,344","±1,254","22.1%","±0.6","258,473","±3,024","11.5%","±0.1","101,386","±2,189","6.7%","±0.1","157,087","±2,479","21.3%","±0.3"
"        $20,000 to $34,999","306,261","±4,591","13.5%","±0.2","132,779","±2,929","9.7%","±0.2","173,482","±3,628","19.3%","±0.4","79,782","±2,365","14.7%","±0.4","40,470","±1,546","11.6%","±0.4","39,312","±1,765","20.3%","±0.8","110,563","±1,890","13.6%","±0.2","53,499","±1,565","10.1%","±0.3","57,064","±1,631","20.1%","±0.5","117,230","±2,165","15.6%","±0.3","46,638","±1,495","11.8%","±0.3","70,592","±1,702","19.9%","±0.4","78,701","±2,077","15.9%","±0.4","37,140","±1,214","12.4%","±0.4","41,561","±1,602","21.1%","±0.7","326,228","±4,245","15.7%","±0.2","158,944","±2,672","12.8%","±0.2","167,284","±3,465","20.0%","±0.4","149,018","±2,260","11.0%","±0.2","72,804","±1,606","7.7%","±0.2","76,214","±1,754","18.7%","±0.4","96,027","±2,229","13.9%","±0.3","47,604","±1,440","10.5%","±0.3","48,423","±1,673","20.4%","±0.6","73,374","±1,749","15.3%","±0.4","37,208","±1,090","12.5%","±0.4","36,166","±1,349","19.8%","±0.7","76,523","±1,676","15.1%","±0.3","38,059","±1,069","11.8%","±0.3","38,464","±1,295","21.1%","±0.7","270,256","±4,069","12.0%","±0.2","142,621","±2,437","9.4%","±0.2","127,635","±2,821","17.3%","±0.4"
"            Less than 20 percent","44,285","±1,729","1.9%","±0.1","39,814","±1,604","2.9%","±0.1","4,471","±575","0.5%","±0.1","14,413","±845","2.7%","±0.2","13,284","±767","3.8%","±0.2","1,129","±383","0.6%","±0.2","16,632","±868","2.0%","±0.1","14,258","±766","2.7%","±0.1","2,374","±359","0.8%","±0.1","14,821","±818","2.0%","±0.1","13,339","±771","3.4%","±0.2","1,482","±298","0.4%","±0.1","13,010","±792","2.6%","±0.2","11,298","±710","3.8%","±0.2","1,712","±270","0.9%","±0.1","34,348","±1,328","1.7%","±0.1","31,375","±1,231","2.5%","±0.1","2,973","±357","0.4%","±0.1","18,820","±961","1.4%","±0.1","15,092","±750","1.6%","±0.1","3,728","±485","0.9%","±0.1","17,506","±991","2.5%","±0.1","15,225","±887","3.4%","±0.2","2,281","±341","1.0%","±0.1","16,149","±718","3.4%","±0.1","14,710","±662","4.9%","±0.2","1,439","±255","0.8%","±0.1","15,767","±704","3.1%","±0.1","14,002","±653","4.3%","±0.2","1,765","±271","1.0%","±0.1","31,096","±1,025","1.4%","±0.1","25,796","±1,008","1.7%","±0.1","5,300","±459","0.7%","±0.1"
"            20 to 29 percent","51,125","±1,814","2.3%","±0.1","24,417","±1,062","1.8%","±0.1","26,708","±1,337","3.0%","±0.2","11,626","±753","2.1%","±0.1","6,701","±547","1.9%","±0.2","4,925","±574","2.5%","±0.3","26,159","±1,079","3.2%","±0.1","13,235","±690","2.5%","±0.1","12,924","±833","4.6%","±0.3","16,682","±798","2.2%","±0.1","6,805","±509","1.7%","±0.1","9,877","±670","2.8%","±0.2","14,473","±889","2.9%","±0.2","6,843","±548","2.3%","±0.2","7,630","±681","3.9%","±0.3","39,263","±1,447","1.9%","±0.1","30,743","±1,187","2.5%","±0.1","8,520","±720","1.0%","±0.1","27,958","±1,027","2.1%","±0.1","17,127","±806","1.8%","±0.1","10,831","±644","2.7%","±0.2","16,984","±882","2.5%","±0.1","8,648","±613","1.9%","±0.1","8,336","±633","3.5%","±0.3","11,562","±741","2.4%","±0.2","6,455","±544","2.2%","±0.2","5,107","±518","2.8%","±0.3","18,819","±941","3.7%","±0.2","7,930","±523","2.5%","±0.2","10,889","±780","6.0%","±0.4","40,006","±1,199","1.8%","±0.1","27,012","±895","1.8%","±0.1","12,994","±902","1.8%","±0.1"
"            30 percent or more","210,851","±3,557","9.3%","±0.2","68,548","±2,065","5.0%","±0.1","142,303","±3,170","15.8%","±0.3","53,743","±1,963","9.9%","±0.4","20,485","±1,162","5.9%","±0.3","33,258","±1,612","17.2%","±0.8","67,772","±1,355","8.3%","±0.2","26,006","±1,087","4.9%","±0.2","41,766","±1,246","14.7%","±0.4","85,727","±1,996","11.4%","±0.3","26,494","±1,284","6.7%","±0.3","59,233","±1,677","16.7%","±0.4","51,218","±1,591","10.3%","±0.3","18,999","±918","6.4%","±0.3","32,219","±1,400","16.4%","±0.7","252,617","±4,070","12.2%","±0.2","96,826","±2,477","7.8%","±0.2","155,791","±3,383","18.6%","±0.4","102,240","±1,721","7.5%","±0.1","40,585","±1,099","4.3%","±0.1","61,655","±1,599","15.1%","±0.4","61,537","±1,946","8.9%","±0.3","23,731","±1,002","5.2%","±0.2","37,806","±1,649","15.9%","±0.6","45,663","±1,576","9.5%","±0.3","16,043","±873","5.4%","±0.3","29,620","±1,232","16.2%","±0.7","41,937","±1,332","8.3%","±0.3","16,127","±783","5.0%","±0.2","25,810","±1,148","14.2%","±0.6","199,154","±3,443","8.8%","±0.2","89,813","±1,913","5.9%","±0.1","109,341","±2,446","14.8%","±0.3"
"        $35,000 to $49,999","273,474","±3,740","12.0%","±0.2","135,973","±2,562","9.9%","±0.2","137,501","±2,545","15.3%","±0.3","75,279","±1,758","13.9%","±0.3","42,730","±1,480","12.2%","±0.4","32,549","±1,310","16.8%","±0.7","107,549","±2,233","13.2%","±0.3","60,676","±1,800","11.4%","±0.3","46,873","±1,289","16.5%","±0.4","107,990","±2,240","14.4%","±0.3","49,839","±1,565","12.6%","±0.4","58,151","±1,677","16.4%","±0.5","65,784","±1,790","13.3%","±0.4","37,046","±1,465","12.4%","±0.5","28,738","±1,236","14.6%","±0.6","280,711","±3,471","13.5%","±0.2","148,995","±2,417","12.0%","±0.2","131,716","±3,097","15.8%","±0.3","151,071","±2,225","11.1%","±0.2","87,849","±1,667","9.3%","±0.2","63,222","±1,535","15.5%","±0.4","95,315","±2,398","13.8%","±0.3","56,313","±1,772","12.4%","±0.4","39,002","±1,504","16.4%","±0.6","60,449","±1,500","12.6%","±0.3","35,915","±1,087","12.1%","±0.3","24,534","±1,122","13.4%","±0.6","70,518","±1,715","13.9%","±0.3","40,398","±1,146","12.5%","±0.3","30,120","±1,169","16.5%","±0.6","250,169","±3,255","11.1%","±0.1","147,458","±2,640","9.7%","±0.2","102,711","±2,300","13.9%","±0.3"
"            Less than 20 percent","70,973","±2,016","3.1%","±0.1","54,702","±1,744","4.0%","±0.1","16,271","±911","1.8%","±0.1","19,815","±993","3.7%","±0.2","16,880","±979","4.8%","±0.3","2,935","±418","1.5%","±0.2","32,949","±1,177","4.0%","±0.1","25,660","±1,074","4.8%","±0.2","7,289","±552","2.6%","±0.2","21,346","±879","2.8%","±0.1","16,833","±770","4.3%","±0.2","4,513","±468","1.3%","±0.1","19,421","±945","3.9%","±0.2","14,677","±824","4.9%","±0.3","4,744","±478","2.4%","±0.2","49,798","±1,620","2.4%","±0.1","45,753","±1,545","3.7%","±0.1","4,045","±421","0.5%","±0.1","37,315","±979","2.8%","±0.1","31,664","±831","3.3%","±0.1","5,651","±501","1.4%","±0.1","26,350","±980","3.8%","±0.1","21,769","±918","4.8%","±0.2","4,581","±552","1.9%","±0.2","19,088","±813","4.0%","±0.2","16,107","±753","5.4%","±0.2","2,981","±383","1.6%","±0.2","25,579","±992","5.1%","±0.2","19,065","±787","5.9%","±0.2","6,514","±525","3.6%","±0.3","50,337","±1,294","2.2%","±0.1","42,334","±1,263","2.8%","±0.1","8,003","±722","1.1%","±0.1"
"            20 to 29 percent","88,908","±2,203","3.9%","±0.1","27,492","±1,283","2.0%","±0.1","61,416","±1,959","6.8%","±0.2","24,207","±1,259","4.5%","±0.2","10,430","±667","3.0%","±0.2","13,777","±1,095","7.1%","±0.6","39,278","±1,149","4.8%","±0.1","15,038","±639","2.8%","±0.1","24,240","±974","8.5%","±0.3","34,336","±1,466","4.6%","±0.2","10,885","±793","2.8%","±0.2","23,451","±1,152","6.6%","±0.3","24,973","±1,318","5.0%","±0.3","10,478","±752","3.5%","±0.3","14,495","±999","7.4%","±0.5","61,809","±1,875","3.0%","±0.1","30,125","±1,494","2.4%","±0.1","31,684","±1,392","3.8%","±0.2","47,800","±1,423","3.5%","±0.1","18,925","±797","2.0%","±0.1","28,875","±1,101","7.1%","±0.3","33,252","±1,488","4.8%","±0.2","13,991","±925","3.1%","±0.2","19,261","±1,166","8.1%","±0.5","16,890","±920","3.5%","±0.2","6,079","±522","2.0%","±0.2","10,811","±761","5.9%","±0.4","25,977","±1,013","5.1%","±0.2","10,574","±577","3.3%","±0.2","15,403","±787","8.4%","±0.4","74,753","±1,942","3.3%","±0.1","36,408","±1,358","2.4%","±0.1","38,345","±1,379","5.2%","±0.2"
"            30 percent or more","113,593","±2,927","5.0%","±0.1","53,779","±1,928","3.9%","±0.1","59,814","±1,996","6.7%","±0.2","31,257","±1,365","5.8%","±0.3","15,420","±1,040","4.4%","±0.3","15,837","±863","8.2%","±0.5","35,322","±1,372","4.3%","±0.2","19,978","±927","3.8%","±0.2","15,344","±900","5.4%","±0.3","52,308","±1,388","7.0%","±0.2","22,121","±880","5.6%","±0.2","30,187","±1,258","8.5%","±0.3","21,390","±962","4.3%","±0.2","11,891","±735","4.0%","±0.2","9,499","±756","4.8%","±0.4","169,104","±3,154","8.1%","±0.2","73,117","±1,903","5.9%","±0.2","95,987","±2,694","11.5%","±0.3","65,956","±1,780","4.9%","±0.1","37,260","±1,217","3.9%","±0.1","28,696","±1,099","7.0%","±0.3","35,713","±1,404","5.2%","±0.2","20,553","±1,059","4.5%","±0.2","15,160","±1,025","6.4%","±0.4","24,471","±1,019","5.1%","±0.2","13,729","±660","4.6%","±0.2","10,742","±742","5.9%","±0.4","18,962","±803","3.7%","±0.2","10,759","±653","3.3%","±0.2","8,203","±591","4.5%","±0.3","125,079","±2,427","5.6%","±0.1","68,716","±1,785","4.5%","±0.1","56,363","±1,988","7.6%","±0.3"
"        $50,000 to $74,999","386,694","±4,546","17.0%","±0.2","229,786","±3,287","16.7%","±0.2","156,908","±3,414","17.5%","±0.3","100,662","±2,134","18.6%","±0.4","67,567","±1,976","19.4%","±0.5","33,095","±1,393","17.1%","±0.7","148,700","±2,258","18.2%","±0.3","98,888","±1,962","18.6%","±0.3","49,812","±1,530","17.5%","±0.5","146,194","±2,623","19.5%","±0.3","80,304","±2,030","20.3%","±0.5","65,890","±1,772","18.6%","±0.5","86,660","±1,669","17.5%","±0.3","57,562","±1,254","19.3%","±0.4","29,098","±1,224","14.8%","±0.6","352,717","±4,475","17.0%","±0.2","214,635","±3,465","17.3%","±0.2","138,082","±3,266","16.5%","±0.4","235,835","±3,269","17.4%","±0.2","161,948","±2,384","17.1%","±0.3","73,887","±1,828","18.1%","±0.4","131,720","±1,945","19.1%","±0.3","90,086","±1,676","19.9%","±0.4","41,634","±1,353","17.5%","±0.6","78,349","±1,623","16.3%","±0.3","52,826","±1,364","17.7%","±0.4","25,523","±1,169","13.9%","±0.6","95,362","±1,474","18.9%","±0.3","65,569","±1,295","20.3%","±0.4","29,793","±1,074","16.3%","±0.6","358,081","±3,948","15.9%","±0.2","239,466","±2,755","15.8%","±0.2","118,615","±2,431","16.1%","±0.3"
"            Less than 20 percent","163,426","±2,756","7.2%","±0.1","106,378","±2,485","7.7%","±0.2","57,048","±1,821","6.3%","±0.2","43,345","±1,379","8.0%","±0.3","32,625","±1,222","9.4%","±0.3","10,720","±876","5.5%","±0.4","72,873","±1,456","8.9%","±0.2","49,250","±1,335","9.3%","±0.2","23,623","±884","8.3%","±0.3","52,536","±1,464","7.0%","±0.2","32,604","±1,097","8.2%","±0.3","19,932","±910","5.6%","±0.3","42,684","±1,264","8.6%","±0.3","29,807","±995","10.0%","±0.3","12,877","±821","6.5%","±0.4","104,512","±2,385","5.0%","±0.1","84,476","±2,193","6.8%","±0.2","20,036","±1,087","2.4%","±0.1","91,845","±1,825","6.8%","±0.1","65,315","±1,352","6.9%","±0.1","26,530","±1,156","6.5%","±0.3","62,224","±1,644","9.0%","±0.2","45,268","±1,405","10.0%","±0.3","16,956","±1,004","7.1%","±0.4","37,645","±1,079","7.8%","±0.2","27,774","±978","9.3%","±0.3","9,871","±672","5.4%","±0.4","52,442","±1,082","10.4%","±0.2","35,661","±970","11.0%","±0.3","16,781","±702","9.2%","±0.4","123,980","±2,278","5.5%","±0.1","90,578","±1,766","6.0%","±0.1","33,402","±1,401","4.5%","±0.2"
"            20 to 29 percent","143,178","±3,278","6.3%","±0.1","70,506","±2,003","5.1%","±0.1","72,672","±2,470","8.1%","±0.3","37,006","±1,455","6.8%","±0.3","20,731","±1,097","5.9%","±0.3","16,275","±870","8.4%","±0.4","53,808","±1,455","6.6%","±0.2","32,349","±1,111","6.1%","±0.2","21,459","±1,109","7.6%","±0.4","61,730","±1,891","8.2%","±0.2","27,476","±1,168","7.0%","±0.3","34,254","±1,462","9.7%","±0.4","32,082","±1,211","6.5%","±0.2","18,788","±872","6.3%","±0.3","13,294","±900","6.8%","±0.4","117,728","±2,390","5.7%","±0.1","53,951","±1,643","4.3%","±0.1","63,777","±1,892","7.6%","±0.2","87,630","±2,017","6.5%","±0.1","54,061","±1,449","5.7%","±0.2","33,569","±1,128","8.2%","±0.3","49,144","±1,569","7.1%","±0.2","30,092","±1,158","6.6%","±0.3","19,052","±955","8.0%","±0.4","25,657","±1,109","5.3%","±0.2","13,592","±774","4.6%","±0.3","12,065","±765","6.6%","±0.4","31,142","±1,039","6.2%","±0.2","20,599","±837","6.4%","±0.3","10,543","±736","5.8%","±0.4","125,232","±2,271","5.6%","±0.1","67,357","±1,653","4.4%","±0.1","57,875","±1,587","7.9%","±0.2"
"            30 percent or more","80,090","±2,486","3.5%","±0.1","52,902","±1,838","3.9%","±0.1","27,188","±1,659","3.0%","±0.2","20,311","±1,379","3.7%","±0.3","14,211","±1,235","4.1%","±0.3","6,100","±688","3.2%","±0.4","22,019","±921","2.7%","±0.1","17,289","±801","3.3%","±0.1","4,730","±540","1.7%","±0.2","31,928","±1,228","4.3%","±0.2","20,224","±1,007","5.1%","±0.3","11,704","±733","3.3%","±0.2","11,894","±748","2.4%","±0.2","8,967","±623","3.0%","±0.2","2,927","±384","1.5%","±0.2","130,477","±2,715","6.3%","±0.1","76,208","±1,707","6.1%","±0.1","54,269","±2,107","6.5%","±0.2","56,360","±1,491","4.2%","±0.1","42,572","±1,373","4.5%","±0.1","13,788","±784","3.4%","±0.2","20,352","±1,031","2.9%","±0.2","14,726","±805","3.2%","±0.2","5,626","±566","2.4%","±0.2","15,047","±642","3.1%","±0.1","11,460","±623","3.8%","±0.2","3,587","±380","2.0%","±0.2","11,778","±662","2.3%","±0.1","9,309","±580","2.9%","±0.2","2,469","±353","1.4%","±0.2","108,869","±2,203","4.8%","±0.1","81,531","±1,792","5.4%","±0.1","27,338","±1,142","3.7%","±0.2"
"        $75,000 or more","962,473","±6,399","42.4%","±0.3","766,886","±6,145","55.9%","±0.3","195,587","±3,948","21.8%","±0.4","198,017","±3,002","36.5%","±0.5","163,214","±2,687","46.8%","±0.7","34,803","±1,548","18.0%","±0.7","329,980","±2,618","40.5%","±0.3","279,871","±2,938","52.7%","±0.4","50,109","±1,746","17.7%","±0.6","258,544","±2,614","34.5%","±0.3","184,302","±2,474","46.6%","±0.5","74,242","±1,703","20.9%","±0.4","159,637","±2,177","32.2%","±0.4","132,942","±2,107","44.5%","±0.6","26,695","±1,130","13.6%","±0.6","713,962","±6,075","34.4%","±0.2","556,874","±6,063","44.9%","±0.3","157,088","±2,428","18.8%","±0.3","663,765","±4,012","49.0%","±0.3","577,627","±3,853","60.9%","±0.3","86,138","±1,901","21.1%","±0.4","266,287","±2,804","38.5%","±0.4","224,145","±2,578","49.4%","±0.4","42,142","±1,700","17.7%","±0.6","160,601","±1,982","33.4%","±0.4","133,553","±1,839","44.8%","±0.5","27,048","±1,005","14.8%","±0.5","177,411","±1,701","35.1%","±0.3","151,270","±1,718","46.7%","±0.5","26,141","±1,043","14.3%","±0.5","1,007,165","±6,043","44.7%","±0.2","855,293","±6,230","56.4%","±0.3","151,872","±2,686","20.6%","±0.3"
"            Less than 20 percent","733,863","±6,305","32.3%","±0.3","585,308","±5,687","42.6%","±0.3","148,555","±3,589","16.5%","±0.4","150,058","±2,506","27.7%","±0.5","123,888","±2,203","35.5%","±0.6","26,170","±1,334","13.5%","±0.7","261,602","±2,660","32.1%","±0.3","219,683","±2,724","41.3%","±0.4","41,919","±1,609","14.8%","±0.5","193,147","±2,405","25.8%","±0.3","136,884","±2,078","34.6%","±0.5","56,263","±1,545","15.9%","±0.4","130,012","±1,871","26.2%","±0.4","107,253","±1,864","35.9%","±0.5","22,759","±991","11.6%","±0.5","449,197","±5,165","21.6%","±0.2","364,293","±4,901","29.3%","±0.3","84,904","±2,033","10.2%","±0.2","484,479","±3,991","35.7%","±0.3","420,370","±3,634","44.3%","±0.3","64,109","±1,713","15.7%","±0.4","208,222","±2,651","30.1%","±0.4","175,094","±2,699","38.6%","±0.5","33,128","±1,495","13.9%","±0.6","125,307","±1,825","26.1%","±0.4","103,224","±1,715","34.7%","±0.5","22,083","±883","12.1%","±0.5","146,281","±1,787","28.9%","±0.4","123,307","±1,702","38.1%","±0.5","22,974","±959","12.6%","±0.5","683,239","±5,291","30.3%","±0.2","572,169","±4,909","37.7%","±0.3","111,070","±2,296","15.1%","±0.3"
"            20 to 29 percent","183,633","±3,275","8.1%","±0.1","142,359","±3,074","10.4%","±0.2","41,274","±1,814","4.6%","±0.2","38,541","±1,475","7.1%","±0.3","30,739","±1,387","8.8%","±0.4","7,802","±807","4.0%","±0.4","57,854","±1,428","7.1%","±0.2","50,263","±1,269","9.5%","±0.2","7,591","±641","2.7%","±0.2","53,051","±1,353","7.1%","±0.2","36,852","±1,273","9.3%","±0.3","16,199","±1,012","4.6%","±0.3","24,984","±1,007","5.0%","±0.2","21,503","±905","7.2%","±0.3","3,481","±450","1.8%","±0.2","189,385","±3,135","9.1%","±0.1","132,642","±2,816","10.7%","±0.2","56,743","±1,718","6.8%","±0.2","147,828","±2,084","10.9%","±0.2","127,858","±1,921","13.5%","±0.2","19,970","±919","4.9%","±0.2","47,623","±1,497","6.9%","±0.2","39,559","±1,331","8.7%","±0.3","8,064","±642","3.4%","±0.3","28,116","±1,015","5.8%","±0.2","23,814","±1,004","8.0%","±0.3","4,302","±395","2.4%","±0.2","26,367","±1,076","5.2%","±0.2","23,478","±962","7.3%","±0.3","2,889","±411","1.6%","±0.2","243,574","±3,727","10.8%","±0.2","209,948","±3,502","13.8%","±0.2","33,626","±1,280","4.6%","±0.2"
"            30 percent or more","44,977","±1,524","2.0%","±0.1","39,219","±1,420","2.9%","±0.1","5,758","±596","0.6%","±0.1","9,418","±719","1.7%","±0.1","8,587","±646","2.5%","±0.2","831","±234","0.4%","±0.1","10,524","±530","1.3%","±0.1","9,925","±530","1.9%","±0.1","599","±142","0.2%","±0.1","12,346","±775","1.6%","±0.1","10,566","±715","2.7%","±0.2","1,780","±306","0.5%","±0.1","4,641","±497","0.9%","±0.1","4,186","±487","1.4%","±0.2","455","±166","0.2%","±0.1","75,380","±1,799","3.6%","±0.1","59,939","±1,773","4.8%","±0.1","15,441","±890","1.8%","±0.1","31,458","±1,009","2.3%","±0.1","29,399","±991","3.1%","±0.1","2,059","±318","0.5%","±0.1","10,442","±722","1.5%","±0.1","9,492","±718","2.1%","±0.2","950","±223","0.4%","±0.1","7,178","±584","1.5%","±0.1","6,515","±554","2.2%","±0.2","663","±180","0.4%","±0.1","4,763","±391","0.9%","±0.1","4,485","±391","1.4%","±0.1","278","±105","0.2%","±0.1","80,352","±1,687","3.6%","±0.1","73,176","±1,711","4.8%","±0.1","7,176","±548","1.0%","±0.1"
"        Zero or negative income","29,616","±1,430","1.3%","±0.1","10,532","±864","0.8%","±0.1","19,084","±1,295","2.1%","±0.1","8,601","±653","1.6%","±0.1","3,869","±416","1.1%","±0.1","4,732","±528","2.4%","±0.3","8,446","±612","1.0%","±0.1","3,292","±399","0.6%","±0.1","5,154","±551","1.8%","±0.2","13,010","±804","1.7%","±0.1","3,958","±401","1.0%","±0.1","9,052","±688","2.6%","±0.2","9,923","±727","2.0%","±0.1","2,815","±380","0.9%","±0.1","7,108","±707","3.6%","±0.3","42,163","±1,441","2.0%","±0.1","18,613","±949","1.5%","±0.1","23,550","±1,018","2.8%","±0.1","7,990","±583","0.6%","±0.1","3,785","±346","0.4%","±0.1","4,205","±479","1.0%","±0.1","7,151","±730","1.0%","±0.1","2,986","±360","0.7%","±0.1","4,165","±576","1.8%","±0.2","9,991","±709","2.1%","±0.1","3,529","±412","1.2%","±0.1","6,462","±549","3.5%","±0.3","6,255","±556","1.2%","±0.1","2,315","±289","0.7%","±0.1","3,940","±464","2.2%","±0.3","41,880","±1,645","1.9%","±0.1","14,376","±881","0.9%","±0.1","27,504","±1,334","3.7%","±0.2"
"        No cash rent","35,276","±1,628","1.6%","±0.1","(X)","(X)","(X)","(X)","35,276","±1,628","3.9%","±0.2","9,107","±786","1.7%","±0.1","(X)","(X)","(X)","(X)","9,107","±786","4.7%","±0.4","11,437","±638","1.4%","±0.1","(X)","(X)","(X)","(X)","11,437","±638","4.0%","±0.2","8,952","±586","1.2%","±0.1","(X)","(X)","(X)","(X)","8,952","±586","2.5%","±0.2","9,929","±670","2.0%","±0.1","(X)","(X)","(X)","(X)","9,929","±670","5.0%","±0.3","29,515","±1,139","1.4%","±0.1","(X)","(X)","(X)","(X)","29,515","±1,139","3.5%","±0.1","11,885","±578","0.9%","±0.1","(X)","(X)","(X)","(X)","11,885","±578","2.9%","±0.1","11,666","±791","1.7%","±0.1","(X)","(X)","(X)","(X)","11,666","±791","4.9%","±0.3","9,706","±719","2.0%","±0.1","(X)","(X)","(X)","(X)","9,706","±719","5.3%","±0.4","10,018","±578","2.0%","±0.1","(X)","(X)","(X)","(X)","10,018","±578","5.5%","±0.3","31,062","±1,211","1.4%","±0.1","(X)","(X)","(X)","(X)","31,062","±1,211","4.2%","±0.2"